Model Comparison,BF,Log BF
N = 2 vs. N = 1 Component,10147929640458404e4,46.06638647525915
N = 2 vs. N = 3 Component,0.643866774305346,-0.44026344647545557
